"","one","Two","Three","Four","Five","Six","Seven","Eight","Nine","Ten","Eleven","Twelve","Thirteen","Fourteen","Fifteen","Sixteen","Seventeen","Eighteen","Nineteen","Twenty","Twenty.one","twenty.two","Twenty.three"
"1",5,4,3,3,5,3,4,3,5,4,4,3,3,3,3,3,3,5,5,5,3,5,5
"2",4,5,4,4,1,5,3,1,2,5,4,1,3,1,5,4,4,4,3,4,4,4,3
"3",3,3,3,5,4,2,4,1,2,4,4,4,3,4,1,4,4,3,4,3,3,4,4
"4",4,3,3,4,4,4,3,3,4,4,3,3,5,5,4,5,4,4,4,5,4,4,4
"5",5,4,3,3,5,5,3,3,4,4,3,3,5,4,5,4,4,5,4,5,4,5,4
"6",5,5,5,5,5,5,4,5,2,5,5,5,3,5,4,5,5,5,5,4,4,4,4
"7",5,5,5,5,5,5,5,5,2,5,5,5,5,5,5,5,5,5,5,5,5,5,5
"8",5,5,5,5,5,5,5,5,2,5,5,5,5,5,5,5,5,5,5,5,5,5,5
"9",5,5,5,5,5,5,4,4,2,5,5,5,5,4,5,5,5,5,5,5,5,5,5
"10",3,3,3,5,4,5,1,2,5,5,3,1,4,3,2,2,4,5,4,4,4,2,2
"11",4,4,4,5,5,3,2,4,5,5,4,2,2,2,3,4,4,5,5,4,4,4,3
"12",5,5,5,5,5,5,4,4,4,5,5,5,5,5,5,5,5,5,5,5,5,5,5
"13",5,5,5,5,5,5,5,5,3,5,5,5,5,5,5,5,5,5,5,5,5,5,5
"14",5,5,5,5,5,5,4,5,4,5,5,5,5,5,5,5,5,5,5,5,5,5,5
"15",4,3,5,5,4,5,3,4,4,5,4,4,3,4,4,5,5,4,5,5,4,4,3
"16",5,5,5,5,5,5,4,5,5,5,5,5,5,5,5,5,5,5,5,5,5,5,5
"17",5,5,5,5,5,5,5,5,4,5,5,5,5,5,5,5,5,5,5,5,5,5,5
"18",5,5,5,5,5,5,3,5,5,5,5,5,5,5,5,5,5,5,5,5,5,5,5
"19",4,3,4,3,3,4,3,3,5,3,4,3,3,4,3,4,3,4,3,4,3,3,4
"20",4,5,5,5,5,5,2,4,2,5,4,5,4,4,3,5,4,4,3,4,5,5,4
"21",5,5,4,5,5,5,5,5,5,5,5,5,3,5,5,5,5,5,5,3,5,5,5
"22",4,4,3,5,4,4,4,5,5,4,4,4,4,4,4,4,4,3,4,1,4,4,4
"23",5,4,5,5,4,3,3,4,5,4,4,5,4,4,4,4,5,4,5,4,4,4,4
"24",4,4,5,4,5,5,3,4,4,5,5,4,3,4,4,4,5,4,5,4,3,5,4
"25",4,4,4,5,1,1,5,5,5,5,5,1,5,5,1,5,5,3,5,5,4,4,5
"26",4,2,3,4,4,2,2,4,5,4,5,2,4,2,2,3,5,4,4,4,4,4,3
"27",4,4,3,4,3,2,3,5,5,5,5,1,5,3,1,5,5,3,5,5,4,2,4
"28",4,5,3,5,5,4,3,5,4,5,4,4,3,3,4,3,3,4,3,4,4,4,4
"29",4,4,5,5,5,2,3,4,3,4,4,4,4,4,2,4,5,5,4,5,5,5,3
"30",5,5,5,5,5,5,4,5,2,5,5,4,4,5,2,5,4,5,5,4,5,5,3
"31",5,5,5,5,5,5,5,5,2,5,5,5,4,4,4,4,4,4,5,5,4,2,4
"32",5,5,5,5,5,5,5,5,5,5,5,5,5,5,5,5,5,5,5,5,4,4,5
"33",4,4,5,4,5,4,3,3,5,3,5,4,5,4,5,5,5,3,4,4,5,5,3
"34",4,3,5,5,4,3,4,4,4,5,5,3,4,4,4,5,5,4,5,5,4,5,4
"35",5,5,5,5,4,4,5,5,5,5,5,5,5,5,2,5,5,4,4,3,4,4,4
"36",5,4,4,5,4,3,4,3,5,5,3,3,4,4,3,4,4,5,4,4,3,5,3
"37",5,4,5,5,5,3,3,4,5,3,5,4,4,4,3,4,4,5,5,4,3,5,3
"38",5,5,5,5,4,5,3,4,5,5,5,5,5,5,4,5,5,5,5,5,4,5,5
"39",5,4,4,5,5,5,4,4,4,5,5,5,5,5,3,4,5,5,5,5,5,5,5
"40",5,4,5,5,5,5,4,4,4,5,4,5,5,4,4,5,5,5,5,5,5,5,5
"41",5,5,5,5,4,5,3,5,5,5,5,5,5,4,4,5,5,5,5,5,5,5,5
"42",5,4,4,4,5,5,4,5,4,5,5,5,5,5,4,5,5,5,5,5,5,5,5
"43",4,5,3,5,5,5,2,5,2,5,5,4,5,5,5,4,4,5,5,5,5,5,5
"44",5,5,4,4,5,5,4,4,2,4,4,4,4,4,3,3,4,3,4,3,4,4,4
"45",5,3,5,3,4,5,3,5,5,4,5,4,4,3,4,3,4,3,4,4,3,4,3
"46",5,5,5,5,5,3,4,5,5,5,5,4,5,5,5,5,5,5,5,5,5,5,5
"47",5,3,5,4,4,4,5,5,3,5,4,4,4,3,4,5,5,4,5,5,4,4,5
"48",5,4,4,5,4,5,4,4,3,5,3,2,3,4,3,5,5,5,5,4,4,4,4
"49",4,4,4,5,4,5,3,4,3,4,4,1,4,4,2,4,4,4,4,3,5,3,4
"50",4,5,5,5,4,4,4,4,5,5,5,4,4,4,4,4,4,4,4,4,5,5,4
"51",4,4,4,4,4,4,4,4,5,4,4,4,4,4,4,4,4,4,4,5,4,4,4
"52",5,5,5,5,5,5,5,4,5,5,5,5,4,5,4,4,4,5,5,5,5,4,4
"53",5,5,5,5,5,5,5,5,4,5,5,5,5,5,3,4,3,5,5,5,5,4,4
"54",4,5,4,4,5,5,4,4,3,4,5,2,4,5,4,4,4,4,5,4,4,4,5
"55",5,4,5,4,5,3,4,5,5,4,5,4,5,5,5,5,5,5,5,4,5,4,4
"56",4,5,4,5,5,5,4,4,3,4,5,2,4,4,3,4,4,4,5,4,5,4,5
"57",5,4,5,5,5,5,4,4,2,5,5,2,4,4,4,5,5,4,4,4,5,4,5
"58",4,4,4,5,4,4,4,4,2,4,4,2,3,4,4,4,5,4,5,4,4,4,5
"59",4,5,4,5,5,5,4,4,2,4,5,2,5,4,5,4,5,5,5,4,5,4,5
"60",4,4,5,4,5,4,5,4,3,5,4,3,4,5,4,4,5,4,4,5,4,4,5
"61",3,4,4,4,5,5,4,4,3,4,5,2,4,4,4,4,4,4,5,4,5,4,5
"62",5,4,5,4,4,5,4,4,5,5,4,5,4,5,4,4,5,4,4,3,4,4,4
"63",4,4,3,4,4,5,4,4,2,4,4,2,4,4,3,4,4,4,4,4,5,4,5
"64",4,5,4,5,5,5,4,4,4,4,5,3,4,5,4,5,4,5,5,4,4,4,5
"65",5,5,5,5,5,5,5,5,4,5,5,5,5,5,3,5,5,5,5,5,5,5,5
"66",5,5,5,5,3,5,5,3,2,5,5,5,5,5,3,5,5,5,5,5,5,5,5
"67",5,4,4,4,4,5,4,5,4,5,5,4,3,4,4,4,4,3,4,4,4,4,5
"68",5,4,4,4,4,4,5,5,4,5,5,4,4,5,3,4,4,4,4,4,5,5,4
"69",4,5,5,5,4,4,3,4,4,4,4,4,4,4,4,4,5,4,5,5,5,5,4
"70",5,5,5,4,4,4,3,5,5,5,5,4,5,4,5,5,3,5,5,5,5,5,4
"71",5,5,5,5,5,5,3,3,4,5,5,5,5,5,3,5,5,5,5,5,5,5,5
"72",4,5,4,5,4,4,4,4,5,5,4,4,4,4,4,4,4,4,4,4,4,5,4
"73",5,5,5,5,5,5,4,5,2,5,5,5,4,5,2,5,5,5,5,5,5,5,5
"74",4,5,4,5,4,5,4,4,4,4,4,2,2,4,3,4,4,4,4,4,3,4,4
"75",5,4,5,4,4,5,4,5,2,5,5,2,4,4,3,4,4,4,4,5,3,4,4
"76",5,4,5,4,4,5,4,5,5,4,4,2,4,5,5,5,4,4,4,5,4,4,4
"77",3,4,5,4,4,5,4,5,5,5,4,4,5,5,4,5,4,5,5,5,4,5,4
"78",5,4,5,5,4,5,4,4,3,5,5,5,4,4,5,5,4,5,5,4,4,4,5
"79",5,4,5,4,4,4,4,3,5,4,4,3,5,5,5,5,5,5,5,4,5,4,4
"80",4,4,4,5,5,5,5,5,5,4,4,4,4,4,4,4,4,4,5,4,5,5,4
"81",3,2,3,3,2,3,3,3,3,4,4,4,3,5,3,4,4,4,4,4,4,5,5
"82",4,4,3,4,3,2,3,3,5,3,3,2,4,3,3,4,4,4,4,4,4,3,4
"83",4,5,4,4,4,4,4,4,5,4,4,2,3,4,4,4,3,4,3,4,4,4,4
"84",4,4,4,4,4,4,4,4,5,4,3,3,4,4,3,4,3,4,3,4,4,4,4
"85",3,4,4,4,3,3,4,4,5,4,4,3,4,4,3,4,4,4,4,4,4,4,5
"86",3,4,5,4,5,4,3,4,5,4,3,3,4,4,4,5,4,5,3,4,3,4,4
"87",4,3,5,4,4,3,4,3,4,4,4,4,3,4,4,5,4,4,5,4,3,5,3
"88",5,4,4,4,4,2,2,4,5,5,4,2,4,4,2,4,4,4,4,4,4,4,4
"89",5,5,5,5,4,2,3,4,5,5,5,2,4,4,4,4,4,4,4,4,4,4,4
"90",5,5,5,4,5,3,2,5,5,5,1,4,4,5,3,4,5,5,5,5,5,4,4
"91",5,4,4,5,4,4,4,4,5,5,4,3,4,4,3,5,5,4,4,5,4,4,4
"92",4,5,4,5,4,3,3,4,5,5,5,5,4,4,4,5,5,4,4,5,4,4,4
"93",5,4,4,4,5,4,5,4,5,5,4,4,4,4,4,4,4,4,4,4,4,4,4
"94",5,5,4,5,3,3,2,2,3,4,3,3,3,4,4,5,5,4,5,3,3,5,4
"95",5,5,5,5,5,5,4,5,5,5,5,5,5,5,5,5,5,5,5,5,5,5,5
"96",5,5,5,5,5,5,5,4,5,5,5,5,5,5,5,5,5,5,4,5,5,5,5
"97",5,5,5,5,5,5,4,5,5,5,5,5,5,5,5,5,4,5,5,5,5,5,5
"98",5,5,5,5,4,5,5,5,5,5,5,5,5,5,4,5,5,5,5,5,5,5,5
"99",5,5,5,5,4,5,5,5,5,5,5,5,5,5,5,5,5,5,5,5,5,5,5
"100",4,4,4,5,5,3,4,4,4,4,4,4,4,4,4,4,4,5,4,4,4,5,4
"101",4,4,4,5,4,4,4,3,4,4,4,4,4,4,4,4,4,4,4,4,5,5,4
"102",4,5,4,5,4,3,4,4,4,4,4,4,5,4,4,4,4,4,4,4,4,5,4
"103",5,4,5,4,4,4,3,4,2,4,4,1,4,5,4,4,4,5,5,4,4,4,4
"104",5,4,4,4,4,4,4,4,2,4,4,2,4,4,4,4,4,5,5,4,4,5,4
"105",5,4,4,5,4,4,4,4,2,5,4,4,4,4,5,5,5,5,5,4,4,4,4
"106",5,5,5,5,4,4,5,4,2,5,4,4,5,4,5,4,4,4,4,4,4,4,4
"107",5,4,5,4,4,4,5,4,2,5,4,4,4,5,4,5,5,5,5,4,4,4,4
"108",5,4,5,5,4,4,4,5,5,4,4,4,5,4,4,6,4,4,4,4,4,5,4
"109",4,4,4,5,5,3,5,5,4,4,4,5,5,5,5,5,5,4,4,4,4,4,4
"110",5,5,4,5,4,4,5,4,5,4,5,4,5,5,5,4,5,5,5,5,4,5,4
"111",5,5,5,5,5,5,3,1,3,5,5,5,5,5,5,5,5,5,5,5,5,5,5
"112",1,5,2,5,3,3,2,3,4,5,5,5,5,5,5,5,5,2,5,5,5,5,4
"113",4,4,5,4,3,3,4,5,4,5,4,3,4,3,4,5,5,4,5,4,3,4,3
"114",4,4,5,4,4,3,4,4,4,5,4,4,5,3,4,4,5,3,4,3,3,4,3
"115",5,4,3,5,3,4,3,5,2,5,4,2,2,4,2,3,3,5,5,4,5,4,4
"116",4,5,5,4,2,5,5,1,5,5,4,3,3,5,3,4,3,1,3,1,1,4,3
"117",5,5,4,4,4,4,4,4,4,4,4,3,4,5,4,4,4,4,4,4,4,4,4
"118",4,4,4,4,4,4,4,4,4,5,4,3,4,4,4,4,4,4,4,2,3,4,4
"119",4,4,4,4,4,4,4,4,5,4,4,4,4,4,4,4,5,5,4,4,4,5,5
"120",5,5,5,5,5,5,5,5,4,4,4,4,4,4,4,5,4,4,5,4,4,5,4
"121",5,5,5,5,5,4,4,5,5,5,5,5,5,4,5,4,5,5,5,5,5,5,5
"122",5,5,5,4,5,5,5,5,5,5,4,4,5,4,4,5,5,4,5,4,4,5,4
"123",5,4,5,5,5,3,5,5,4,4,4,4,4,4,4,5,5,4,5,4,5,5,4
"124",5,5,5,5,5,4,4,5,4,4,5,4,4,4,5,5,4,4,4,4,4,5,4
"125",5,5,4,5,4,3,4,4,4,4,5,5,4,4,4,5,5,5,5,4,4,5,4
"126",5,5,5,4,5,3,4,5,5,5,4,4,5,5,4,5,4,5,5,5,4,5,4
"127",5,4,5,5,5,4,3,5,4,5,5,4,5,5,5,5,5,5,5,5,5,5,4
"128",5,5,5,4,5,3,4,4,5,4,4,4,5,4,4,5,5,5,5,5,4,4,4
"129",5,5,5,5,5,5,4,4,5,5,5,5,5,5,5,5,5,5,5,5,5,5,5
"130",5,5,5,5,5,5,5,5,5,5,5,5,5,5,5,5,5,5,5,5,5,5,5
"131",5,5,5,5,4,4,4,5,5,5,5,5,5,5,5,5,5,5,5,5,5,5,5
"132",4,5,4,5,5,5,4,3,3,4,5,2,4,4,4,4,4,5,5,4,5,4,5
"133",5,4,4,5,3,5,4,5,5,5,5,5,5,5,4,5,5,5,5,5,5,5,5
"134",4,3,3,4,5,5,3,3,2,4,4,2,3,4,4,4,4,4,5,3,4,4,5
"135",4,5,4,5,4,5,4,4,3,4,5,2,4,4,3,4,5,5,5,4,5,3,5
"136",4,5,4,4,5,5,4,4,3,5,5,2,4,4,4,4,5,5,5,4,4,4,5
"137",4,5,5,4,5,5,4,4,2,4,4,2,4,4,4,5,4,5,4,3,4,4,5
"138",4,5,4,5,4,5,3,4,4,4,5,2,4,4,3,4,4,4,5,3,4,4,5
"139",4,4,5,5,4,3,3,4,5,4,4,3,4,5,4,4,4,4,4,4,4,5,4
"140",5,4,5,4,4,3,3,4,3,4,4,4,4,4,4,4,4,4,3,4,5,4,4
"141",4,4,4,5,5,5,2,4,5,2,4,4,4,4,4,5,4,5,5,4,5,4,4
"142",4,5,4,4,5,3,5,5,4,4,4,4,4,4,4,4,4,5,5,4,5,4,4
"143",4,4,4,4,4,3,3,4,5,4,4,4,4,4,4,4,4,4,4,4,5,5,4
"144",4,5,4,4,4,3,3,4,5,4,4,4,4,4,4,4,4,4,4,4,4,5,4
"145",5,4,4,4,4,3,4,4,5,4,4,4,3,4,4,4,4,4,4,4,4,5,4
"146",4,4,4,4,5,3,3,4,5,4,4,4,4,4,4,4,4,4,4,4,4,5,4
"147",5,4,4,4,4,3,4,4,3,5,4,2,5,4,4,4,4,4,4,4,4,5,4
"148",4,5,4,4,4,2,3,4,3,5,4,5,4,4,4,4,4,4,4,4,5,4,5
"149",4,4,4,4,4,3,2,4,5,4,4,4,4,4,5,4,4,4,4,4,5,5,4
"150",4,4,4,4,4,4,3,4,5,4,4,3,4,4,4,4,4,4,4,4,4,5,4
"151",4,4,4,5,4,4,4,4,3,4,4,4,4,4,4,4,4,4,4,4,4,5,4
"152",5,4,4,4,4,4,5,4,3,4,2,4,5,5,5,5,5,5,4,4,4,4,4
"153",5,5,5,5,5,5,5,5,5,5,5,5,5,5,5,5,5,5,5,5,5,5,5
"154",5,4,4,4,3,4,4,4,3,4,4,2,4,5,5,4,5,5,5,2,4,4,4
"155",5,4,4,4,4,4,4,4,3,5,5,2,4,4,4,5,5,4,5,3,3,4,4
"156",5,5,4,4,4,4,4,4,3,4,4,4,4,3,4,4,4,4,4,3,4,4,4
"157",5,4,3,4,4,4,4,3,5,4,4,2,4,5,4,4,4,4,4,4,3,4,4
"158",5,4,4,4,4,4,4,4,5,4,4,2,4,4,4,5,4,5,4,3,4,3,4
"159",4,4,4,5,5,5,4,4,2,4,4,2,3,4,4,5,4,5,5,4,4,4,5
"160",5,5,4,5,4,2,3,5,2,5,4,4,4,5,3,5,5,5,5,5,5,4,4
"161",5,5,5,5,4,5,5,5,5,5,5,5,5,5,5,5,5,5,5,5,5,5,5
"162",5,5,5,5,4,5,4,5,5,5,5,5,5,5,5,5,5,5,5,5,5,5,5
"163",5,5,5,5,5,5,5,4,5,5,5,5,5,5,5,5,5,5,5,5,5,5,5
"164",5,5,5,5,5,5,4,5,4,5,5,5,5,4,5,5,5,5,5,5,5,5,5
"165",5,5,5,5,5,4,5,5,5,5,5,5,5,5,5,5,5,5,5,5,5,5,5
"166",5,5,5,5,5,5,4,4,5,5,5,5,5,5,5,5,5,5,5,5,5,5,5
"167",5,5,5,5,5,5,4,5,5,5,5,5,5,5,5,5,5,5,5,5,5,5,5
"168",5,5,5,5,4,5,5,5,5,5,5,5,5,5,5,5,5,5,5,5,5,5,5
"169",5,5,5,5,5,5,5,5,5,5,5,5,5,5,5,4,5,5,5,5,5,5,5
"170",5,5,5,5,5,5,4,5,5,5,5,5,5,4,5,5,5,5,5,5,5,5,5
"171",5,5,5,5,5,5,4,5,5,5,5,5,5,5,5,5,5,5,5,5,5,5,5
"172",5,5,5,5,5,5,5,4,5,5,5,5,5,5,5,5,5,5,5,5,5,5,5
"173",5,5,5,5,5,5,4,4,5,5,5,5,5,5,5,5,5,5,5,5,5,5,5
"174",5,4,5,4,4,3,4,4,4,5,4,4,4,4,5,4,4,4,4,4,4,5,3
"175",4,5,4,5,4,3,3,4,5,3,4,3,4,3,4,4,4,4,4,4,3,5,3
"176",5,4,5,4,4,5,5,4,5,4,4,5,4,4,5,4,5,5,5,4,5,4,5
"177",4,5,5,5,5,4,5,5,5,5,5,5,4,4,5,5,5,5,5,5,5,5,5
"178",4,5,5,4,5,5,5,5,5,5,5,4,4,4,5,4,4,4,4,4,4,4,5
"179",4,5,5,5,5,5,5,5,5,5,5,4,4,4,4,4,4,5,5,5,5,5,5
"180",4,5,5,5,4,5,5,5,5,5,5,5,5,5,5,5,4,5,5,5,5,5,5
"181",5,4,4,4,4,4,4,4,5,4,4,2,3,3,3,3,4,4,3,3,3,3,4
"182",5,4,4,4,4,4,3,4,5,4,4,3,4,4,4,4,4,4,4,4,4,4,4
"183",5,4,4,4,4,4,4,4,5,4,4,4,4,4,4,4,4,4,4,4,4,4,4
"184",5,4,5,4,3,4,3,5,4,4,4,4,4,4,5,4,4,4,4,4,4,4,4
"185",5,4,4,5,4,4,4,4,5,4,4,4,5,4,5,4,4,4,4,4,4,4,4
"186",4,4,4,4,4,4,4,4,5,4,4,4,4,4,4,4,4,4,4,4,4,4,4
"187",5,5,5,5,5,5,4,5,5,5,5,5,5,5,5,5,5,5,5,5,5,5,5
"188",5,5,5,5,5,5,4,5,5,5,5,5,5,5,5,5,5,5,5,5,5,5,5
"189",5,5,5,5,5,5,4,5,5,5,5,5,5,5,5,5,5,5,5,5,5,4,5
"190",5,5,5,5,4,5,4,5,5,5,5,5,5,5,5,5,5,5,5,5,5,5,5
"191",5,5,5,5,5,5,4,4,4,5,5,5,5,5,5,5,5,5,5,5,5,5,5
"192",5,5,5,5,5,5,4,5,5,5,5,5,5,5,5,5,5,5,5,5,5,5,5
"193",5,5,5,5,4,5,4,5,5,5,5,5,5,5,5,5,5,5,5,5,5,5,5
"194",5,5,5,5,5,5,4,5,5,4,5,5,5,5,5,5,5,5,5,5,5,5,5
"195",5,5,5,5,4,5,5,5,5,5,5,5,5,5,5,5,5,5,5,5,5,5,5
"196",5,5,5,5,5,5,5,4,5,5,5,5,5,5,5,5,5,5,5,5,5,5,5
"197",4,3,4,5,4,3,3,4,5,4,4,4,4,4,4,5,4,5,4,4,3,5,3
"198",5,5,5,4,5,5,4,5,5,4,5,4,5,4,4,4,4,4,4,5,5,5,5
"199",5,5,5,5,5,5,4,3,4,5,4,4,5,5,5,4,4,4,5,4,4,5,5
"200",5,5,5,5,4,5,4,5,5,5,4,4,5,4,5,5,5,5,5,5,5,5,5
"201",4,5,5,5,5,5,4,3,4,4,4,4,4,4,3,4,4,4,4,4,4,5,5
"202",5,4,4,4,4,5,4,5,5,4,5,5,5,5,4,5,5,5,3,4,4,4,5
"203",5,5,5,5,4,4,4,5,4,4,4,5,5,4,4,5,5,5,5,5,5,5,5
"204",5,4,5,5,5,5,4,5,5,5,4,5,5,5,5,4,5,5,5,5,5,5,5
"205",5,5,5,4,4,4,3,3,4,3,3,3,3,3,3,5,4,4,4,4,4,5,5
"206",5,4,4,4,5,5,3,2,3,3,3,4,5,5,4,4,4,4,3,4,3,4,4
"207",5,5,5,4,4,4,4,3,4,4,5,5,5,4,5,4,4,4,4,3,4,4,4
"208",5,5,5,5,5,5,4,4,5,5,5,5,5,5,5,5,5,5,5,5,5,5,5
"209",5,5,5,5,5,5,4,4,5,5,5,5,5,5,5,5,5,5,5,5,5,5,5
"210",5,5,5,5,5,5,5,4,4,5,5,5,5,5,5,5,4,4,5,5,5,5,5
"211",5,5,5,5,5,5,4,4,5,5,5,5,5,5,5,5,5,5,5,5,5,5,5
"212",5,5,5,5,5,5,5,5,5,5,5,5,5,5,5,5,5,5,5,5,5,5,5
"213",5,5,5,4,4,5,4,3,3,5,5,5,5,5,5,5,5,5,5,5,5,5,5
"214",5,5,5,5,5,5,4,3,3,5,5,5,5,4,4,4,5,5,5,5,5,5,5
"215",5,5,4,4,5,5,5,4,5,5,5,5,5,4,4,4,4,5,5,5,5,5,5
"216",5,5,5,5,5,5,4,3,4,5,5,5,5,5,5,5,5,5,5,5,5,5,5
"217",5,5,5,5,5,5,5,4,4,5,5,5,5,5,5,5,5,5,5,5,5,5,5
"218",5,5,5,5,5,5,5,4,4,5,5,5,5,5,4,4,4,4,4,5,5,5,5
"219",5,5,5,5,5,5,4,4,4,5,5,5,5,5,5,5,5,5,5,5,5,5,5
"220",4,4,4,5,4,4,4,4,4,5,4,3,4,4,4,4,4,4,4,4,3,4,4
"221",5,4,5,5,4,4,3,3,4,4,5,5,5,5,4,4,5,5,5,5,5,4,5
"222",5,4,4,4,4,4,4,4,5,4,5,5,5,5,5,5,5,4,3,5,5,5,5
"223",5,5,4,5,5,5,4,4,5,5,5,5,5,5,5,5,5,5,5,5,5,5,5
"224",5,4,4,4,5,5,4,4,4,5,5,5,5,5,5,5,5,5,5,4,5,5,5
"225",5,5,5,5,5,5,4,3,4,5,5,5,5,5,5,5,5,5,5,5,5,5,5
"226",5,5,5,5,4,5,5,5,5,5,5,5,5,5,5,4,5,4,4,5,5,5,5
"227",5,5,5,5,4,5,5,5,4,5,5,5,5,5,5,5,4,4,4,5,5,5,5
"228",5,5,5,5,5,5,5,3,4,5,5,5,5,5,5,5,5,5,5,5,5,5,5
"229",5,5,4,5,5,5,5,5,5,5,5,5,5,5,4,5,5,5,5,5,5,5,5
"230",5,4,4,4,4,4,4,4,3,4,4,2,4,4,4,4,4,4,4,4,4,4,4
"231",5,2,5,5,4,4,4,4,2,4,4,2,4,4,4,4,4,4,4,4,4,4,4
"232",5,4,4,4,4,4,4,4,2,4,4,1,4,4,4,4,4,4,4,4,4,4,4
"233",5,4,4,4,4,4,4,4,3,4,4,1,4,4,4,4,4,4,4,4,4,4,4
"234",5,4,5,4,4,4,4,4,3,4,4,2,4,4,4,4,4,4,4,4,4,4,4
"235",5,4,4,4,4,4,4,4,3,4,4,2,4,4,4,4,4,4,4,4,4,4,4
"236",5,4,4,4,4,4,4,4,2,4,4,1,4,4,4,4,4,4,4,4,4,4,4
"237",5,4,4,4,4,4,4,4,3,4,4,2,4,4,4,4,4,4,4,4,4,4,4
"238",5,4,4,4,4,4,4,4,3,4,4,2,4,4,4,4,4,4,4,4,4,4,4
"239",5,4,4,4,4,4,4,4,4,3,4,2,4,4,4,4,4,4,4,4,4,4,4
"240",5,5,5,5,5,5,5,4,2,5,5,5,5,5,3,5,5,5,5,5,5,5,5
"241",5,5,5,5,5,5,3,5,5,5,5,5,5,5,5,5,5,5,5,5,5,5,5
"242",5,5,5,5,5,5,5,5,2,5,4,3,5,5,5,5,5,5,5,5,5,5,3
"243",5,5,5,5,5,5,5,5,4,5,5,5,5,5,3,5,5,5,5,5,5,5,5
"244",4,5,5,5,4,3,4,5,5,4,4,4,5,4,4,5,5,4,5,4,4,5,3
"245",4,4,4,4,4,4,4,4,5,4,4,4,4,4,4,4,4,4,4,3,4,4,4
"246",4,4,4,4,4,3,4,4,5,4,4,2,4,4,4,4,4,4,3,4,4,4,4
"247",4,4,4,4,4,4,4,4,3,3,3,2,3,3,3,4,4,4,4,4,4,4,4
"248",4,5,4,4,5,5,3,3,4,3,3,2,3,3,3,3,4,4,4,3,3,4,4
"249",5,5,5,5,5,5,4,3,4,5,5,5,5,5,5,5,5,5,5,5,5,5,5
"250",5,5,5,5,5,5,4,4,4,5,5,5,5,5,5,5,5,5,5,5,5,5,5
"251",5,5,5,5,5,5,4,4,5,4,5,5,5,5,5,5,5,5,5,5,5,5,5
"252",5,5,5,5,4,5,4,3,4,4,4,5,5,5,5,5,5,5,4,5,5,5,5
"253",5,5,5,5,5,5,4,4,4,5,5,5,5,4,4,4,5,4,4,5,5,5,5
"254",5,5,5,5,5,5,5,4,5,5,5,5,5,5,5,5,5,5,5,5,5,5,5
"255",5,5,5,5,5,5,4,4,4,5,5,5,5,5,5,5,5,5,5,5,5,5,5
"256",5,5,5,5,5,5,4,5,5,5,5,5,5,5,5,5,5,5,5,5,5,5,5
"257",5,5,5,5,4,5,4,4,4,5,4,4,5,5,5,5,5,5,5,5,5,5,5
"258",5,5,5,5,5,5,5,4,4,5,5,5,5,5,5,5,5,5,5,5,5,5,5
"259",5,5,5,5,5,5,5,3,4,5,5,5,5,5,5,5,5,5,5,5,5,5,5
"260",5,5,5,5,5,3,4,5,5,5,5,5,5,5,5,5,5,4,5,5,5,5,5
"261",5,5,5,5,5,4,3,5,5,5,5,5,5,5,4,5,5,5,5,5,5,5,4
"262",5,5,5,5,5,5,4,4,4,5,5,5,5,5,5,5,5,5,5,5,5,5,5
"263",5,5,5,5,5,5,4,4,4,5,5,5,5,5,5,4,5,5,5,5,5,5,5
"264",5,5,5,5,5,5,4,5,5,5,5,5,5,5,5,5,5,5,5,5,5,5,5
"265",5,5,5,5,5,5,4,4,5,5,5,5,5,5,5,5,5,5,5,5,5,5,5
"266",5,5,5,5,5,5,5,5,5,5,5,5,5,5,5,5,5,5,5,5,5,5,5
"267",5,5,5,5,5,5,3,3,4,5,5,4,5,5,5,5,5,5,5,5,5,5,5
"268",5,5,5,5,5,4,5,5,4,4,4,4,5,4,3,4,4,5,5,5,5,5,5
"269",5,5,5,5,4,5,4,3,4,5,4,4,5,4,4,4,4,5,5,5,5,5,5
"270",4,4,4,5,4,5,3,4,3,5,4,4,4,4,4,4,4,4,5,5,5,5,5
"271",5,5,5,5,5,5,5,4,4,3,5,5,5,5,5,5,5,5,5,5,5,5,5
"272",4,4,4,4,4,4,4,4,5,4,4,4,4,3,3,4,4,4,4,4,4,4,4
"273",5,4,4,4,4,5,4,5,5,4,5,5,4,4,4,5,4,5,4,4,4,4,4
"274",4,4,4,4,4,4,4,4,5,4,4,4,4,4,4,4,4,4,4,4,4,4,4
"275",4,5,4,5,4,4,4,4,3,3,3,3,4,4,4,4,4,4,4,3,4,3,4
"276",4,4,4,4,4,4,4,4,3,4,4,2,4,4,4,4,4,4,4,4,4,4,4
"277",5,5,5,5,4,4,2,4,5,4,4,4,4,4,4,4,4,4,5,4,5,5,4
"278",5,5,5,5,4,4,4,4,5,5,5,4,4,5,4,5,5,5,5,5,5,5,5
"279",5,5,5,5,4,4,5,5,5,5,5,4,4,5,4,5,5,5,5,5,5,4,5
"280",5,4,5,5,5,5,5,4,5,5,5,4,5,5,5,5,5,5,5,5,5,5,5
"281",5,5,4,5,5,4,5,5,5,5,4,5,5,4,4,4,5,5,5,5,5,5,5
"282",4,5,4,5,5,5,5,3,4,4,5,5,5,4,4,4,5,4,4,5,5,5,5
"283",5,5,5,5,3,4,5,2,3,4,4,4,4,4,4,4,4,4,4,4,5,5,5
"284",5,4,5,5,5,5,4,3,5,4,5,5,5,5,4,4,4,4,4,5,5,5,5
"285",5,5,4,4,5,4,5,4,5,4,5,4,5,4,4,4,5,4,4,4,4,5,5
"286",4,5,4,4,4,5,5,5,5,5,5,5,5,5,5,5,4,4,5,5,5,4,5
"287",5,4,5,5,4,4,4,5,5,5,5,5,5,5,5,5,5,4,4,5,5,5,5
"288",5,4,5,5,5,5,5,4,5,4,5,5,5,5,5,5,4,4,4,5,5,5,5
"289",4,4,4,3,5,5,4,4,4,3,4,4,4,4,4,4,3,3,5,5,5,5,5
"290",5,5,5,5,5,5,5,5,5,4,4,4,5,5,5,5,4,4,4,5,5,5,5
"291",5,5,4,5,4,5,3,2,4,4,5,5,5,5,4,4,4,4,4,5,5,5,5
"292",4,4,4,4,5,5,4,5,5,5,5,5,5,5,5,5,5,5,5,4,4,5,5
"293",5,5,4,5,4,5,4,4,5,4,5,4,5,4,5,4,5,5,5,4,4,5,5
"294",5,5,5,4,5,5,4,4,5,4,4,4,5,5,4,5,5,5,5,5,4,5,5
"295",5,5,4,4,4,4,4,4,4,4,4,5,5,4,4,5,5,5,5,5,5,5,5
"296",5,5,5,5,4,5,5,5,5,5,4,4,5,4,5,5,5,5,5,5,5,5,5
"297",4,4,5,4,5,4,4,4,5,5,5,5,5,4,5,4,5,5,5,5,4,5,5
"298",5,4,5,5,4,4,5,4,5,4,4,4,5,4,5,5,5,4,4,5,5,4,5
"299",4,4,5,4,5,4,5,5,5,5,5,5,5,4,4,4,5,5,5,5,5,5,5
"300",4,5,5,5,5,5,5,5,5,5,4,5,5,5,4,5,5,4,5,5,5,4,5
"301",5,4,4,4,5,4,5,4,5,4,4,4,5,5,5,5,4,5,4,4,5,5,5
"302",5,4,4,4,5,3,4,4,5,4,4,5,5,4,5,4,5,5,5,5,5,5,5
"303",5,4,4,5,3,2,3,5,2,4,4,3,5,4,4,5,5,5,5,5,5,5,4
"304",5,5,5,5,4,4,4,5,5,4,4,4,4,4,4,4,4,4,4,4,4,5,4
"305",5,5,5,5,4,4,4,4,1,5,4,4,5,5,5,5,5,5,5,5,5,5,5
"306",5,5,5,5,4,5,4,5,5,5,5,5,5,4,5,5,5,5,5,5,5,4,4
"307",5,5,5,5,5,4,4,2,5,4,4,4,3,5,3,4,4,5,5,4,4,4,4
"308",1,1,1,1,1,1,1,1,2,5,1,1,1,1,1,1,1,1,1,1,1,1,1
"309",1,1,1,1,1,1,1,1,2,1,1,1,1,1,1,1,1,1,1,1,1,1,1
"310",5,5,5,5,5,5,5,5,5,5,5,5,5,5,5,5,5,5,5,5,5,5,5
"311",5,5,5,5,5,5,5,5,5,5,5,5,5,5,5,5,5,5,5,5,5,5,5
"312",5,5,5,5,5,5,5,5,5,5,5,5,5,5,5,5,5,5,5,5,5,5,5
"313",5,5,5,5,5,5,5,5,5,5,5,5,5,5,5,5,5,5,5,5,5,5,5
"314",5,5,5,5,5,5,5,5,5,5,5,5,5,5,5,5,5,5,5,5,5,5,5
"315",5,5,5,5,5,5,5,5,5,5,5,5,5,5,5,5,5,5,5,5,5,5,5
"316",5,5,5,5,5,5,5,5,5,5,5,5,5,5,5,5,5,5,5,5,5,5,5
"317",5,5,5,5,5,5,5,5,5,5,5,5,5,5,5,5,5,5,5,5,5,5,5
"318",5,5,5,5,5,5,5,5,5,5,5,5,5,5,5,5,5,5,5,5,5,5,5
"319",5,5,5,5,5,5,5,5,5,5,5,5,5,5,5,5,5,5,5,5,5,5,5
"320",5,5,5,5,5,5,5,5,5,5,5,5,5,5,5,5,5,5,5,5,5,5,5
"321",5,5,5,5,5,5,5,5,5,5,5,5,5,5,5,5,5,5,5,5,5,5,5
"322",5,5,5,5,5,5,5,5,5,5,5,5,5,5,5,5,5,5,5,5,5,5,5
"323",5,5,5,5,5,5,5,5,5,5,5,5,5,5,5,5,5,5,5,5,5,5,5
"324",5,5,5,5,5,5,5,5,5,5,5,5,5,5,5,5,5,5,5,5,5,5,5
"325",5,5,5,5,5,5,5,5,5,5,5,5,5,5,5,5,5,5,5,5,5,5,5
"326",5,5,5,5,5,5,5,5,5,5,5,5,5,5,5,5,5,5,5,5,5,5,5
"327",5,5,5,5,5,5,5,5,3,5,5,5,5,5,5,5,5,5,5,5,5,5,5
"328",5,5,5,5,5,5,5,5,5,5,5,5,5,5,5,5,5,5,5,5,5,5,5
"329",5,5,5,5,5,5,5,5,3,5,5,5,5,5,5,5,5,5,5,5,5,5,5
"330",5,5,5,5,5,5,5,5,3,5,5,5,5,5,5,5,5,5,5,5,5,5,5
"331",5,5,5,5,5,5,5,5,5,5,5,5,5,5,5,5,5,5,5,5,5,5,5
"332",5,5,5,5,5,5,5,5,5,5,5,5,5,5,5,5,5,5,5,5,5,5,5
"333",5,5,5,5,5,5,5,5,3,5,5,5,5,5,5,5,5,5,5,5,5,5,5
"334",5,5,5,5,5,5,5,5,5,5,5,5,5,5,5,5,5,5,5,5,5,5,5
"335",5,5,5,5,5,5,5,5,5,5,5,5,5,5,5,5,5,5,5,5,5,5,5
"336",5,5,5,5,5,5,5,5,5,5,5,5,5,5,5,5,5,5,5,5,5,5,5
"337",5,4,5,4,5,5,5,4,5,5,4,5,5,4,5,5,5,5,5,5,5,4,5
"338",5,5,5,5,4,5,4,5,5,4,4,4,4,4,4,5,5,4,4,5,5,5,5
"339",4,5,5,5,5,5,4,5,5,5,5,4,5,4,5,4,5,5,5,5,5,5,5
"340",5,4,4,4,4,4,4,4,5,5,5,5,5,4,4,4,5,4,5,5,5,4,4
"341",5,5,5,5,5,5,4,4,5,4,4,4,4,4,5,5,5,5,4,4,5,5,5
"342",5,5,4,4,4,4,4,4,4,4,4,4,4,4,4,5,5,5,4,4,4,5,4
"343",4,5,5,5,4,4,5,4,5,3,4,5,4,5,4,4,4,4,4,5,5,5,5
"344",4,4,5,5,4,4,5,4,5,4,4,4,5,4,5,4,4,4,4,5,4,5,5
"345",5,5,5,4,5,5,4,5,5,5,5,5,5,5,5,5,5,5,5,5,5,5,5
"346",5,5,4,5,4,5,5,4,5,4,4,4,5,4,4,4,4,4,3,4,4,5,5
"347",5,4,4,5,4,3,4,4,5,4,4,5,4,5,5,5,5,5,4,4,4,3,4
"348",5,5,4,5,4,4,4,4,5,3,4,4,5,4,5,5,5,5,5,5,5,5,5
"349",5,5,5,5,5,5,4,4,5,5,5,4,5,5,5,5,4,5,5,5,5,5,5
"350",5,4,4,4,5,5,4,5,5,5,5,4,4,5,5,5,5,4,5,5,4,4,4
"351",5,5,5,5,5,5,5,5,5,5,5,5,5,5,5,5,5,5,5,5,5,5,5
"352",5,5,5,5,5,4,5,5,5,5,5,5,4,5,5,5,5,5,5,5,5,5,5
"353",5,4,5,5,5,5,5,5,5,4,5,5,5,5,4,5,5,5,5,5,5,5,5
"354",5,5,4,5,5,5,4,5,5,5,4,5,5,4,5,5,5,5,5,5,5,5,5
"355",5,4,5,5,5,5,4,5,5,5,5,5,5,4,5,5,5,5,5,5,5,4,4
"356",5,4,5,4,5,5,4,5,5,4,4,4,5,5,5,4,4,4,4,5,5,5,5
"357",5,4,5,5,5,4,4,5,5,4,4,4,5,4,5,4,3,4,4,4,4,4,5
"358",5,5,4,5,5,5,5,4,5,5,5,5,5,5,5,4,5,5,5,5,5,5,5
"359",5,4,5,5,5,4,5,5,5,5,4,5,5,5,4,5,5,5,5,5,5,5,5
"360",5,5,5,5,5,4,5,5,5,5,5,5,5,5,4,5,5,5,5,5,5,5,5
"361",5,4,5,5,5,4,4,4,5,5,5,5,5,5,4,5,4,5,5,5,5,5,5
"362",5,5,4,5,4,4,4,4,5,4,4,4,4,4,4,4,3,3,4,4,4,4,5
"363",4,5,5,5,4,3,4,4,5,4,4,4,4,3,4,4,4,4,4,4,4,5,5
"364",4,4,5,5,3,4,4,4,5,4,5,4,3,4,4,4,4,4,4,4,4,4,5
"365",5,5,4,5,4,5,5,4,5,5,5,4,4,5,4,4,4,4,4,4,5,4,5
"366",5,5,5,5,4,4,5,5,3,5,5,5,3,5,5,4,4,5,5,5,5,4,4
"367",4,4,3,4,5,3,4,4,5,4,3,4,4,4,5,4,5,4,5,4,4,4,5
"368",5,5,5,4,4,4,3,4,5,4,4,4,4,3,3,4,4,4,4,4,3,4,4
"369",4,4,5,5,4,5,4,5,5,4,4,4,4,4,4,5,5,5,5,4,4,4,5
"370",4,4,4,5,3,4,4,4,2,4,4,4,4,4,3,4,4,4,4,4,4,5,5
"371",4,5,4,4,3,4,4,4,5,4,4,4,4,4,3,4,4,4,4,4,5,5,4
"372",5,4,5,5,4,5,3,4,4,3,3,3,4,5,5,5,5,5,5,3,3,3,4
"373",5,5,4,5,4,5,4,5,5,5,4,5,4,5,4,5,4,3,3,4,4,4,4
"374",4,5,5,5,4,5,4,5,5,5,5,5,5,5,4,4,5,4,5,4,4,4,4
"375",5,4,5,4,4,5,4,4,5,4,4,4,4,4,4,5,3,4,4,5,4,4,4
"376",5,4,5,5,4,4,5,5,5,5,4,4,4,4,4,5,5,5,5,4,5,5,5
"377",5,5,5,5,5,5,5,5,5,5,5,5,5,5,5,4,5,5,5,5,5,5,5
"378",5,5,5,5,5,4,4,4,3,4,4,4,4,5,3,4,4,4,5,4,4,4,4
"379",4,5,5,4,5,4,5,5,3,5,5,5,5,5,4,4,5,5,5,5,5,5,5
"380",5,5,5,5,5,5,4,5,5,5,5,4,4,5,5,5,5,5,5,5,5,5,5
"381",4,5,5,4,4,5,5,4,4,5,5,5,5,5,4,5,5,5,5,5,5,5,4
"382",5,4,4,5,5,5,4,4,5,5,5,4,4,5,5,5,4,5,5,5,5,4,5
"383",5,5,4,5,5,5,5,5,5,5,5,5,5,5,5,5,4,5,5,5,4,5,5
"384",5,5,4,4,5,5,4,5,5,5,5,5,5,5,4,5,5,4,4,5,5,5,4
"385",5,5,4,4,4,4,4,4,4,4,4,4,4,5,4,5,4,5,5,5,5,4,5
"386",5,5,5,5,5,5,5,4,5,4,5,5,5,4,5,5,3,3,4,5,5,4,5
"387",5,5,4,5,5,5,5,4,5,4,4,5,5,5,4,5,5,5,5,5,5,5,4
"388",5,5,4,4,4,4,3,4,4,4,5,5,5,5,5,4,5,5,5,5,4,4,5
"389",5,5,5,5,5,5,5,5,4,5,5,5,5,5,5,5,5,5,5,5,5,5,5
"390",5,5,5,5,5,5,5,5,5,5,5,5,5,5,5,5,5,5,5,5,5,5,5
"391",5,5,5,5,5,5,5,5,4,5,5,5,5,5,5,5,5,5,5,5,5,5,5
"392",5,5,5,5,5,5,5,5,3,5,5,5,5,5,5,5,5,5,5,5,5,5,5
"393",5,5,5,5,5,5,5,5,4,5,5,5,5,5,5,5,5,5,5,5,5,5,5
"394",5,5,5,5,5,5,5,5,4,5,5,5,5,5,5,5,5,5,5,5,5,5,5
"395",5,5,5,5,5,5,5,5,3,5,5,5,5,5,5,5,5,5,5,5,5,5,5
"396",5,5,5,5,5,5,5,5,4,5,5,5,5,5,5,5,5,5,5,5,5,5,5
"397",5,5,5,5,5,5,5,5,4,5,5,5,5,5,5,5,5,5,5,5,5,5,5
"398",5,5,5,5,5,5,5,5,4,5,5,5,5,5,5,5,5,5,5,5,5,5,5
"399",5,5,5,5,5,5,5,5,5,5,5,5,5,5,5,5,5,5,5,5,5,5,5
"400",5,4,4,4,4,4,4,5,5,4,4,4,4,4,4,4,4,4,4,4,4,4,4
"401",4,5,4,5,4,4,3,4,3,4,3,3,3,4,4,4,4,4,3,4,4,3,4
"402",5,5,4,4,5,4,5,4,5,4,4,4,4,5,4,5,5,5,5,5,4,5,4
